{
    "base_limits": {
        "0": [
            0,
            3
        ],
        "1": [
            -4,
            8
        ],
        "17": [
            -0.5,
            3
        ]
    },
    "system": "Linux",
    "host": "Ubuntu22",
    "camera_zoomins": [],
    "camera_poses": {
        "front": [
            [
                6.84,
                2.9,
                1.3
            ],
            [
                0.5,
                0.5,
                -0.5,
                -0.5
            ]
        ],
        "top": [
            [
                2,
                4,
                3
            ],
            [
                0,
                4,
                1
            ]
        ],
        "zoomin1": [
            "minifridge",
            [
                2,
                0,
                2
            ]
        ]
    },
    "supporting_surfaces": {
        "sink#1::sink_bottom": [],
        "sink_counter_left": [
            "veggietomato"
        ],
        "sink_counter_right": [
            "microwave#1",
            "bottle#1"
        ],
        "wall": [],
        "counter#1": [
            "veggiepotato"
        ],
        "shelf_lower": [
            "medicine#2"
        ],
        "braiserbody#1::braiser_bottom": []
    },
    "supported_movables": {
        "braiserlid": "braiserbody#1",
        "veggiepotato": "counter#1"
    },
    "attachments": {
        "24": [
            6,
            -1,
            [
                [
                    -0.0021734237670898438,
                    0.177740216255188,
                    0.21370291709899902
                ],
                [
                    0.0,
                    0.0,
                    1.0,
                    6.123234262925839e-17
                ]
            ]
        ],
        "25": [
            10,
            -1,
            [
                [
                    -0.23709295690059662,
                    -0.0001583099365234375,
                    0.6875075101852417
                ],
                [
                    0.0,
                    0.0,
                    0.0,
                    1.0
                ]
            ]
        ],
        "26": [
            25,
            -1,
            [
                [
                    0.0,
                    0.0,
                    0.0
                ],
                [
                    0.0,
                    0.0,
                    0.3826834559440613,
                    0.9238795638084412
                ]
            ]
        ],
        "27": [
            18,
            -1,
            [
                [
                    0.1409488022327423,
                    -0.48770833015441895,
                    0.09614694118499756
                ],
                [
                    0.0,
                    0.0,
                    0.9609382152557373,
                    0.27676305174827576
                ]
            ]
        ],
        "29": [
            5,
            -1,
            [
                [
                    0.0899762213230133,
                    0.14397656917572021,
                    0.07695209980010986
                ],
                [
                    0.0,
                    0.0,
                    0.9506227970123291,
                    0.31034862995147705
                ]
            ]
        ],
        "30": [
            6,
            -1,
            [
                [
                    0.14112186431884766,
                    -0.20348727703094482,
                    0.1305314302444458
                ],
                [
                    0.0,
                    0.0,
                    0.9598003029823303,
                    0.28068384528160095
                ]
            ]
        ],
        "31": [
            24,
            -1,
            [
                [
                    -0.07819560170173645,
                    0.09974753856658936,
                    0.23572278022766113
                ],
                [
                    0.0,
                    0.0,
                    0.8750426173210144,
                    -0.48404592275619507
                ]
            ]
        ],
        "32": [
            23,
            -1,
            [
                [
                    0.21074287593364716,
                    0.0,
                    0.06854081153869629
                ],
                [
                    0.0,
                    0.0,
                    0.8802056908607483,
                    0.474592387676239
                ]
            ]
        ]
    },
    "body_to_name": {
        "(15, 1)": "minifridge::joint_1",
        "(15, 3)": "minifridge::joint_2",
        "(15, None, 0)": "minifridge::link_0",
        "(21, 2)": "cabinettop::dagger_door_left_joint",
        "(21, 6)": "cabinettop::dagger_door_right_joint",
        "(21, None, 0)": "cabinettop::dagger",
        "(25, None, 1)": "braiserbody#1::braiser_bottom",
        "(3, None, 2)": "sink#1::sink_bottom",
        "0": "pr2robot",
        "1": "floor#1",
        "10": "ovencounter",
        "11": "cabinetlower#1",
        "12": "dishwasherbox",
        "13": "cabinetlower#2",
        "14": "cabinettall",
        "15": "minifridge",
        "16": "minifridgebase",
        "17": "wall",
        "18": "counter#1",
        "19": "counter_back#1",
        "2": "sinkbase",
        "20": "counter_back#2",
        "21": "cabinettop",
        "22": "cabinettop_filler",
        "23": "shelf_lower",
        "24": "microwave#1",
        "25": "braiserbody#1",
        "26": "braiserlid",
        "27": "veggiepotato",
        "29": "veggietomato",
        "3": "sink#1",
        "30": "bottle#1",
        "31": "medicine#1",
        "32": "medicine#2",
        "4": "faucet",
        "5": "sink_counter_left",
        "6": "sink_counter_right",
        "7": "sink_counter_front",
        "8": "sink_counter_back",
        "9": "cabinetlower"
    },
    "obs_camera_pose": [
        [
            4.000000357627869,
            4.0,
            2.9999998211860657
        ],
        [
            0.3162277978239245,
            0.3162277978239245,
            0.6324555249654344,
            0.6324555249654344
        ]
    ]
}