{
    "base_limits": {
        "0": [
            0,
            3
        ],
        "1": [
            -4,
            8
        ],
        "17": [
            -0.5,
            3
        ]
    },
    "system": "Linux",
    "host": "Ubuntu22",
    "camera_zoomins": [],
    "camera_poses": {
        "front": [
            [
                6.84,
                2.9,
                1.3
            ],
            [
                0.5,
                0.5,
                -0.5,
                -0.5
            ]
        ],
        "top": [
            [
                2,
                4,
                3
            ],
            [
                0,
                4,
                1
            ]
        ],
        "zoomin1": [
            "minifridge",
            [
                2,
                0,
                2
            ]
        ]
    },
    "supporting_surfaces": {
        "sink#1::sink_bottom": [],
        "sink_counter_left": [
            "veggietomato"
        ],
        "sink_counter_right": [
            "microwave#1",
            "veggiecabbage"
        ],
        "wall": [],
        "counter#1": [
            "bottle#1"
        ],
        "shelf_lower": [
            "medicine#1"
        ],
        "braiserbody#1::braiser_bottom": []
    },
    "supported_movables": {
        "braiserlid": "braiserbody#1",
        "veggietomato": "sink_counter_left"
    },
    "attachments": {
        "22": [
            6,
            -1,
            [
                [
                    0.10990774631500244,
                    -0.09418249130249023,
                    0.20597732067108154
                ],
                [
                    0.0,
                    0.0,
                    1.0,
                    6.123234262925839e-17
                ]
            ]
        ],
        "23": [
            10,
            -1,
            [
                [
                    -0.2546592652797699,
                    0.17546749114990234,
                    0.5559055805206299
                ],
                [
                    0.0,
                    0.0,
                    0.0,
                    1.0
                ]
            ]
        ],
        "24": [
            23,
            -1,
            [
                [
                    0.0,
                    0.0,
                    0.0
                ],
                [
                    0.0,
                    0.0,
                    0.3826834559440613,
                    0.9238795638084412
                ]
            ]
        ],
        "25": [
            5,
            -1,
            [
                [
                    0.21708422899246216,
                    -0.4348195791244507,
                    0.07695209980010986
                ],
                [
                    0.0,
                    0.0,
                    0.9925152063369751,
                    0.12212127447128296
                ]
            ]
        ],
        "27": [
            6,
            -1,
            [
                [
                    0.19474488496780396,
                    0.3368105888366699,
                    0.06945240497589111
                ],
                [
                    0.0,
                    0.0,
                    0.8257036209106445,
                    0.564104437828064
                ]
            ]
        ],
        "28": [
            16,
            -1,
            [
                [
                    0.2722970247268677,
                    0.05754566192626953,
                    0.13624858856201172
                ],
                [
                    0.0,
                    0.0,
                    0.3606620728969574,
                    0.9326965808868408
                ]
            ]
        ],
        "29": [
            21,
            -1,
            [
                [
                    0.22265374660491943,
                    0.0,
                    0.07128691673278809
                ],
                [
                    0.0,
                    0.0,
                    0.6204209923744202,
                    0.7842689752578735
                ]
            ]
        ],
        "30": [
            22,
            -1,
            [
                [
                    0.08873328566551208,
                    0.2578432559967041,
                    0.2206118106842041
                ],
                [
                    0.0,
                    0.0,
                    -0.7296057343482971,
                    0.6838680505752563
                ]
            ]
        ]
    },
    "body_to_name": {
        "(13, 1)": "minifridge::joint_0",
        "(13, 3)": "minifridge::joint_1",
        "(13, None, 0)": "minifridge::link_2",
        "(19, 2)": "cabinettop::chewie_door_right_joint",
        "(19, 6)": "cabinettop::chewie_door_left_joint",
        "(19, None, 0)": "cabinettop::sektion",
        "(23, None, 1)": "braiserbody#1::braiser_bottom",
        "(3, None, 1)": "sink#1::sink_bottom",
        "0": "pr2robot",
        "1": "floor#1",
        "10": "ovencounter",
        "11": "cabinetlower#1",
        "12": "dishwasherbox",
        "13": "minifridge",
        "14": "minifridgebase",
        "15": "wall",
        "16": "counter#1",
        "17": "counter_back#1",
        "18": "counter_back#2",
        "19": "cabinettop",
        "2": "sinkbase",
        "20": "cabinettop_filler",
        "21": "shelf_lower",
        "22": "microwave#1",
        "23": "braiserbody#1",
        "24": "braiserlid",
        "25": "veggietomato",
        "27": "veggiecabbage",
        "28": "bottle#1",
        "29": "medicine#1",
        "3": "sink#1",
        "30": "medicine#2",
        "4": "faucet",
        "5": "sink_counter_left",
        "6": "sink_counter_right",
        "7": "sink_counter_front",
        "8": "sink_counter_back",
        "9": "cabinetlower"
    },
    "obs_camera_pose": [
        [
            4.000000357627869,
            4.0,
            2.9999998211860657
        ],
        [
            0.3162277978239245,
            0.3162277978239245,
            0.6324555249654344,
            0.6324555249654344
        ]
    ]
}