{
    "base_limits": {
        "0": [
            0,
            3
        ],
        "1": [
            -4,
            8
        ],
        "17": [
            -0.5,
            3
        ]
    },
    "system": "Linux",
    "host": "Ubuntu22",
    "camera_zoomins": [],
    "camera_poses": {
        "front": [
            [
                6.84,
                2.9,
                1.3
            ],
            [
                0.5,
                0.5,
                -0.5,
                -0.5
            ]
        ],
        "top": [
            [
                2,
                4,
                3
            ],
            [
                0,
                4,
                1
            ]
        ],
        "zoomin1": [
            "minifridge",
            [
                2,
                0,
                2
            ]
        ]
    },
    "supporting_surfaces": {
        "sink#1::sink_bottom": [],
        "sink_counter_left": [
            "microwave#1"
        ],
        "sink_counter_right": [
            "veggieartichoke",
            "veggiezucchini",
            "bottle#1"
        ],
        "minifridge": [],
        "wall": [],
        "counter#1": [
            "veggietomato"
        ],
        "shelf_lower": [
            "medicine#1",
            "medicine#2"
        ],
        "braiserbody#1::braiser_bottom": []
    },
    "supported_movables": {
        "braiserlid": "braiserbody#1"
    },
    "attachments": {
        "23": [
            5,
            -1,
            [
                [
                    0.05180174112319946,
                    0.5953049659729004,
                    0.20330655574798584
                ],
                [
                    0.0,
                    0.0,
                    1.0,
                    6.123234262925839e-17
                ]
            ]
        ],
        "24": [
            9,
            -1,
            [
                [
                    -0.26482412219047546,
                    -0.10619974136352539,
                    0.6243056058883667
                ],
                [
                    0.0,
                    0.0,
                    0.0,
                    1.0
                ]
            ]
        ],
        "25": [
            24,
            -1,
            [
                [
                    0.0,
                    0.0,
                    0.0
                ],
                [
                    0.0,
                    0.0,
                    0.3826834559440613,
                    0.9238795638084412
                ]
            ]
        ],
        "26": [
            6,
            -1,
            [
                [
                    0.21382924914360046,
                    -0.06171083450317383,
                    0.07716655731201172
                ],
                [
                    0.0,
                    0.0,
                    0.9932576417922974,
                    0.11592750251293182
                ]
            ]
        ],
        "28": [
            6,
            -1,
            [
                [
                    0.2963084876537323,
                    0.1853649616241455,
                    0.053734660148620605
                ],
                [
                    0.0,
                    0.0,
                    0.47157609462738037,
                    0.8818253874778748
                ]
            ]
        ],
        "29": [
            6,
            -1,
            [
                [
                    0.1853790581226349,
                    -0.03978538513183594,
                    0.13624858856201172
                ],
                [
                    0.0,
                    0.0,
                    0.9366469383239746,
                    0.35027503967285156
                ]
            ]
        ],
        "30": [
            22,
            -1,
            [
                [
                    0.26283955574035645,
                    0.0,
                    0.07350707054138184
                ],
                [
                    0.0,
                    0.0,
                    0.8925976753234863,
                    0.4508540630340576
                ]
            ]
        ],
        "31": [
            23,
            -1,
            [
                [
                    -0.0010910630226135254,
                    0.22896099090576172,
                    0.22034668922424316
                ],
                [
                    0.0,
                    0.0,
                    -0.7910052537918091,
                    0.6118093729019165
                ]
            ]
        ]
    },
    "body_to_name": {
        "(12, 1)": "minifridge::joint_0",
        "(12, 3)": "minifridge::joint_1",
        "(12, 5)": "minifridge::joint_2",
        "(12, None, 0)": "minifridge::link_3",
        "(20, 2)": "cabinettop::chewie_door_right_joint",
        "(20, 6)": "cabinettop::chewie_door_left_joint",
        "(20, None, 0)": "cabinettop::sektion",
        "(24, None, 1)": "braiserbody#1::braiser_bottom",
        "(3, None, 1)": "sink#1::sink_bottom",
        "0": "pr2robot",
        "1": "floor#1",
        "10": "cabinetlower",
        "11": "cabinettall",
        "12": "minifridge",
        "13": "cabinetlower#1",
        "14": "dishwasherbox",
        "15": "cabinettall#1",
        "16": "wall",
        "17": "counter#1",
        "18": "counter_back#1",
        "19": "counter_back#2",
        "2": "sinkbase",
        "20": "cabinettop",
        "21": "cabinettop_filler",
        "22": "shelf_lower",
        "23": "microwave#1",
        "24": "braiserbody#1",
        "25": "braiserlid",
        "26": "veggieartichoke",
        "28": "veggiezucchini",
        "29": "bottle#1",
        "3": "sink#1",
        "30": "medicine#1",
        "31": "medicine#2",
        "4": "faucet",
        "5": "sink_counter_left",
        "6": "sink_counter_right",
        "7": "sink_counter_front",
        "8": "sink_counter_back",
        "9": "ovencounter"
    },
    "obs_camera_pose": [
        [
            4.319999759197231,
            4.0,
            3.2399995779991286
        ],
        [
            0.31622777426311965,
            0.31622777426311965,
            0.6324555249654344,
            0.6324555249654344
        ]
    ]
}